"time","X","Y","Z"
1,NA,3,-10
2,NA,4,-9
3,NA,5,-8
4,NA,6,-7
5,NA,7,-6
6,0.777777777777778,8,-5
7,1.33333333333333,9,-4
8,1.88888888888889,10,-3
9,2.44444444444444,11,-2
10,3,12,-1
